Workbook

Sheet Sheet1
B2: 란정씨의 간단 계산기
B4: 캐릭터 설정 | E4: 스킬 정보 | I4: 대미지 정보
B5: 항목 | C5: 값 | E5: 스킬 명 | F5: 계수 | G5: 공격 속성 | H5: 소모 MP | I5: 1틱(솔샷) | J5: 2틱(샷비) | K5: 1틱 나르 | L5: 2틱 나르 | M5: 최대 대미지 | N5: 핫타임 | P5: 스킬 조건 | Q5: 타겟 몬스터 방어 속성 | R5: 목표
B6: 캐릭터 최대 마력 | C6: 800000 | E6: 홀리드래곤 | F6: 1.8 | G6: 성 | H6: 12960 | I6: =($C$8+$C$10-$H6)*$F6*INDEX(Sheet2!$I$6:$I$15,MATCH($G6&$C$14,Sheet2!$G$6:$G$15,0),1)*(100+$C$18)/100 -> 962992.28 | J6: =IF(($C$9+$C$10-$H6)*$F6*INDEX(Sheet2!$I$6:$I$15,MATCH($G6&$C$14,Sheet2!$G$6:$G$15,0),1)*(100+$C$18)/100>M6,M6,($C$9+$C$10-$H6)*$F6*INDEX(Sheet2!$I$6:$I$15,MATCH($G6&$C$14,Sheet2!$G$6:$G$15,0),1)*(100+$C$18)/100) -> 1614102.7 | K6: =I6*2 -> 1925984.6 | L6: =J6*2 -> 3228205.4 | M6: =($C$6-$H6)*$F6*INDEX(Sheet2!$I$6:$I$15,MATCH($G6&$C$14,Sheet2!$G$6:$G$15,0),1)*(100+$C$18)/100 -> 3202812.1 | N6: =M6*1.2 -> 3843374.5 | P6: 순수직자 홀리드래곤 | Q6: 일반 방어(화수토풍) | R6: 나르없이 60만 대미지 넘기기
B7: 메디테이션 단계 | C7: 5 | E7: 메테오 | F7: 1.5 | G7: 암 | H7: 12960 | I7: =($C$8+$C$10-$H7)*$F7*INDEX(Sheet2!$I$6:$I$15,MATCH($G7&$C$14,Sheet2!$G$6:$G$15,0),1)*(100+$C$18)/100 -> 313474.05 | J7: =IF(($C$9+$C$10-$H7)*$F7*INDEX(Sheet2!$I$6:$I$15,MATCH($G7&$C$14,Sheet2!$G$6:$G$15,0),1)*(100+$C$18)/100>M7,M7,($C$9+$C$10-$H7)*$F7*INDEX(Sheet2!$I$6:$I$15,MATCH($G7&$C$14,Sheet2!$G$6:$G$15,0),1)*(100+$C$18)/100) -> 525424.05 | K7: =I7*2 -> 626948.1 | L7: =J7*2 -> 1050848.1 | M7: =($C$6-$H7)*$F7*INDEX(Sheet2!$I$6:$I$15,MATCH($G7&$C$14,Sheet2!$G$6:$G$15,0),1)*(100+$C$18)/100 -> 1042582.1 | N7: =M7*1.2 -> 1251098.5 | P7: 법사 메테오 | Q7: 암속 방어 | R7: 나르하고 66만 대미지 넘기기
B8: 1틱 회복량 | C8: =C6*0.2 -> 160000 | E8: 라그나로크 | F8: 0.375 | G8: 암 | H8: 0 | I8: =($C$8+$C$10-$H8)*$F8*INDEX(Sheet2!$I$6:$I$15,MATCH($G8&$C$14,Sheet2!$G$6:$G$15,0),1)*(100+$C$18)/100 -> 82660.5 | J8: =IF(($C$9+$C$10-$H8)*$F8*INDEX(Sheet2!$I$6:$I$15,MATCH($G8&$C$14,Sheet2!$G$6:$G$15,0),1)*(100+$C$18)/100>M8,M8,($C$9+$C$10-$H8)*$F8*INDEX(Sheet2!$I$6:$I$15,MATCH($G8&$C$14,Sheet2!$G$6:$G$15,0),1)*(100+$C$18)/100) -> 135648 | K8: =I8*2 -> 165321 | L8: =J8*2 -> 271296 | M8: =($C$6-$H8)*$F8*INDEX(Sheet2!$I$6:$I$15,MATCH($G8&$C$14,Sheet2!$G$6:$G$15,0),1)*(100+$C$18)/100 -> 264937.5 | N8: =M8*1.2 -> 317925 | P8: 법직 라그나로크 | Q8: 포기하세요
B9: 2틱 회복량 | C9: =C6*0.4 -> 320000
B10: 메디 회복량 | C10: {=INDEX(Sheet2!$E$2:$E$12,MATCH($C$7,Sheet2!$B$2:$B$12,0),0)*$C$6} -> 89600
B12: 몬스터 설정 | E12: 훈련장 핫타임 버프 적용 받음
B13: 항목 | C13: 값
B14: 몬스터 방어 속성 | C14: 암
B15: 몬스터 방어력(ac) | C15: -8
B16: 저주(프라보) | C16: 65
B17: 다른 방깎
B18: 방어력 합계 | C18: =SUM(C15:C17) -> 57
E37: 연습장 세팅방법
E39: 1. 몬스터 방어속성 | G39: 암
E40: 2. 몬스터 방어력(ac) | G40: 100으로 변경
E41: 3. 저주 방깎 | G41: 0으로 변경(노저주)
I51: <- 요런 느낌으루

Sheet Sheet2
B2: 0 | C2: 0 | D2: 0 | E2: =C2*D2 -> 0 | G2: 일반(화수토풍)
B3: 1 | C3: 6 | D3: 0.004 | E3: =C3*D3 -> 0.024 | G3: 성
B4: 2 | C4: 8 | D4: 0.005 | E4: =C4*D4 -> 0.04 | G4: 암
B5: 3 | C5: 10 | D5: 0.006 | E5: =C5*D5 -> 0.06
B6: 4 | C6: 12 | D6: 0.007 | E6: =C6*D6 -> 0.084 | G6: 성일반(화수토풍) | H6: 1.1 | I6: =H6^2 -> 1.21
B7: 5 | C7: 14 | D7: 0.008 | E7: =C7*D7 -> 0.112 | G7: 성암 | H7: 1.2 | I7: =H7^2 -> 1.44
B8: 6 | C8: 16 | D8: 0.009 | E8: =C8*D8 -> 0.144 | G8: 암일반(화수토풍) | H8: 1.1 | I8: =H8^2 -> 1.21
B9: 7 | C9: 18 | D9: 0.01 | E9: =C9*D9 -> 0.18 | G9: 암암 | H9: 0.75 | I9: =H9^2 -> 0.5625
B10: 8 | C10: 20 | D10: 0.014 | E10: =C10*D10 -> 0.28 | G10: 성성 | H10: 0.75 | I10: =H10^2 -> 0.5625
B11: 9 | C11: 22 | D11: 0.021 | E11: =C11*D11 -> 0.462 | G11: 암성 | H11: 1.2 | I11: =H11^2 -> 1.44
B12: 10 | C12: 24 | D12: 0.03 | E12: =C12*D12 -> 0.72
